,lyric,youtube,melon,bugs,genie,total
당신,0,1,0,1,1,3.0
즈음,0,0,0,0,2,2.0
쑤다,0,0,0,2,0,2.0
달,0,0,0,1,2,3.0
초,0,0,0,0,1,1.0
고음,0,0,0,0,2,2.0
인도,0,0,0,0,1,1.0
더러,0,0,0,0,1,1.0
전역,0,0,0,0,3,3.0
덕분,0,0,0,0,1,1.0
남자친구,0,0,0,0,4,4.0
화장실,0,0,0,1,0,1.0
무대,0,0,0,0,1,1.0
멋지다,0,0,0,1,0,1.0
멸종,0,0,0,0,1,1.0
웃기다,0,1,0,0,7,8.0
인생,0,2,0,0,2,4.0
여친,0,0,0,2,2,4.0
감정,0,1,0,0,1,2.0
종로,0,0,0,0,1,1.0
달달,0,0,0,1,1,2.0
리리,0,0,0,0,1,1.0
심심하다,0,0,0,0,1,1.0
차라리,0,0,0,0,1,1.0
속이다,0,0,0,0,1,1.0
펴다,0,0,0,0,2,2.0
혼자,0,2,0,0,1,3.0
게,0,0,0,0,2,2.0
오크,0,0,0,0,2,2.0
평생,0,0,0,1,4,5.0
아니다,0,6,0,3,20,29.0
대장,0,0,0,0,1,1.0
표현,0,0,0,1,6,7.0
주,0,0,0,0,4,4.0
흠칫,0,0,0,1,0,1.0
캐리,0,0,0,0,1,1.0
대여,0,0,0,3,0,3.0
한국인,0,1,0,0,0,1.0
또륵,0,0,0,0,1,1.0
입,0,0,0,1,0,1.0
다나,0,0,0,1,0,1.0
걸어가다,0,0,0,0,1,1.0
위시,0,0,0,0,1,1.0
헤어지다,0,0,0,1,2,3.0
개화,0,0,0,0,2,2.0
오르다,0,0,0,0,7,7.0
위니,0,0,0,0,1,1.0
스트리밍,0,0,0,1,1,2.0
초등학생,0,0,0,0,1,1.0
츄,0,0,0,0,1,1.0
돌다,0,0,0,0,4,4.0
단,6,0,0,0,0,6.0
말투,0,0,0,0,1,1.0
후손,0,1,0,0,0,1.0
대단하다,0,0,0,1,11,12.0
존엄,0,0,0,0,1,1.0
대한민국,0,0,0,0,1,1.0
세인트루이스,0,0,0,0,1,1.0
해보다,0,0,0,0,2,2.0
알,9,0,0,0,2,11.0
지긋지긋,0,0,0,0,1,1.0
별로,0,0,0,0,2,2.0
귀염,0,0,0,0,3,3.0
바꾸다,0,0,0,1,1,2.0
들리다,0,0,0,1,5,6.0
버,0,0,0,1,1,2.0
인간,0,0,0,1,0,1.0
좋탸,0,0,0,0,1,1.0
윽,0,0,0,0,1,1.0
달뒤,0,0,0,0,1,1.0
설때,0,0,0,0,1,1.0
감고,0,0,0,0,1,1.0
자식,0,0,0,1,0,1.0
촌,0,0,0,0,1,1.0
학번,0,0,0,0,4,4.0
마스크,0,1,0,0,0,1.0
게봄,0,0,0,0,1,1.0
를,0,0,0,0,1,1.0
예전,0,0,0,0,1,1.0
둘러대다,0,0,0,0,1,1.0
서우,0,0,0,0,1,1.0
꿀,0,0,0,0,1,1.0
입학,0,0,0,0,2,2.0
설레임,0,0,0,1,2,3.0
뾰뵤뵹,0,0,0,0,1,1.0
먼훗날,0,0,0,1,0,1.0
붙다,0,2,0,0,0,2.0
꼬,0,1,0,0,0,1.0
들어가다,0,0,0,1,2,3.0
쭈우우우욱,0,0,0,1,0,1.0
긴장,0,0,0,0,1,1.0
프사,0,0,0,0,2,2.0
딸,0,0,0,0,2,2.0
저도욬,0,0,0,0,1,1.0
걸리다,0,0,0,0,2,2.0
고생,0,0,0,0,1,1.0
못,0,0,0,0,1,1.0
존나,0,1,0,0,1,2.0
노래방,0,0,0,0,2,2.0
만끽,0,0,0,0,1,1.0
불면,9,0,0,3,1,13.0
페북,0,0,0,0,1,1.0
잊혀지다,0,0,0,0,3,3.0
증가,0,1,0,0,0,1.0
신고,0,0,0,0,1,1.0
됴티됴티,0,0,0,0,1,1.0
밴드,0,1,0,0,0,1.0
벌써,0,1,0,4,21,26.0
안녕하다,0,0,0,1,2,3.0
제일,0,0,0,1,3,4.0
돗자리,0,0,0,1,0,1.0
봄맞이,0,0,0,1,0,1.0
눈,0,0,0,0,3,3.0
고등학교,0,0,0,0,2,2.0
검,0,0,0,0,1,1.0
애드온,0,0,0,0,1,1.0
유주,0,0,0,0,1,1.0
이형,0,0,0,1,3,4.0
사계절,0,0,0,0,1,1.0
저기,0,1,0,0,0,1.0
본격,0,0,0,0,1,1.0
쓸다,0,0,0,0,1,1.0
없어지다,0,1,0,0,9,10.0
종일,0,0,0,0,1,1.0
디도,0,0,0,0,1,1.0
님들,0,0,0,0,1,1.0
고통,0,0,0,0,1,1.0
회수,0,1,0,0,0,1.0
알콩달콩,0,0,0,1,0,1.0
용사,0,0,0,1,0,1.0
슬금슬금,0,0,0,4,9,13.0
인하다,0,0,0,0,1,1.0
안남다,0,0,0,0,2,2.0
뿜었따,0,0,0,0,1,1.0
섞이다,0,0,0,0,1,1.0
때매,0,0,0,0,1,1.0
연주,0,1,0,0,0,1.0
어우,0,1,0,0,0,1.0
전설,0,0,0,1,1,2.0
신다,0,0,0,0,1,1.0
무궁화,0,0,0,0,3,3.0
타일,0,0,0,1,0,1.0
또흥하겟,0,0,0,1,0,1.0
야수,0,0,0,0,1,1.0
더니,0,0,0,0,1,1.0
상류,0,0,0,0,1,1.0
정기적금,0,0,0,0,1,1.0
벗어나다,0,0,0,0,1,1.0
안남,0,0,0,0,1,1.0
숨기다,0,0,0,0,1,1.0
세기,0,0,0,0,1,1.0
연,0,0,0,0,1,1.0
북일,0,0,0,0,1,1.0
지나치다,0,1,0,0,0,1.0
공원,0,1,0,0,0,1.0
온,0,0,0,1,1,2.0
해주다,0,1,0,3,11,15.0
벚꽃놀이,0,1,0,0,1,2.0
신교대,0,0,0,0,2,2.0
포근하다,0,0,0,0,1,1.0
줄,0,2,0,1,2,5.0
교정,0,0,0,1,1,2.0
징,0,0,0,1,0,1.0
벛꽃좀비,0,0,0,0,1,1.0
밀리,0,0,0,1,0,1.0
역시,0,0,0,1,30,31.0
국민,0,0,0,2,3,5.0
새끼,0,0,0,0,2,2.0
만,0,0,0,0,3,3.0
우린,0,0,0,0,1,1.0
아시,0,0,0,1,0,1.0
윤중로,0,0,0,1,1,2.0
부럽다,0,0,0,2,5,7.0
배냇저고리,0,0,0,0,1,1.0
주위,0,0,0,0,1,1.0
길,0,0,0,2,8,10.0
시동,0,0,0,1,2,3.0
러,0,0,0,1,1,2.0
외국인,0,2,0,0,0,2.0
휘날리다,18,2,0,2,6,28.0
좋아하다,0,0,0,1,2,3.0
피다,0,0,0,0,10,10.0
가보다,0,0,0,0,1,1.0
이온,0,0,0,0,1,1.0
라디오,0,0,0,0,2,2.0
기세,0,0,0,0,1,1.0
멤버,0,0,0,0,1,1.0
난독증,0,0,0,0,1,1.0
수병,0,0,0,0,1,1.0
딱좋다,0,0,0,0,1,1.0
테크,0,0,0,0,1,1.0
너,0,0,0,3,1,4.0
비틀즈,0,0,0,0,1,1.0
안유,0,0,0,0,1,1.0
여기저기,0,0,0,0,1,1.0
필요없다,0,0,0,0,1,1.0
브래들리,0,0,0,0,1,1.0
동의,0,0,0,0,1,1.0
짱짱맨,0,0,0,0,1,1.0
되어다,0,2,0,1,11,14.0
읽다,0,0,0,0,1,1.0
뒤,0,3,0,0,2,5.0
빵타졋,0,0,0,0,1,1.0
망하다,0,0,0,0,2,2.0
아련하다,0,2,0,0,3,5.0
찌,0,0,0,0,1,1.0
바보,0,0,0,0,3,3.0
밖,0,0,0,0,1,1.0
사람,0,6,0,1,11,18.0
앞,0,0,0,0,1,1.0
절정,0,0,0,0,4,4.0
시리즈,0,1,0,0,0,1.0
불구,0,0,0,1,0,1.0
멜로디,0,0,0,0,2,2.0
인정,0,0,0,0,1,1.0
빅뱅,0,0,0,0,1,1.0
시즌,0,1,0,5,9,15.0
분홍,0,0,0,0,1,1.0
차,0,0,0,0,2,2.0
슴,0,0,0,0,1,1.0
제대로,0,0,0,0,1,1.0
듀스,0,0,0,0,2,2.0
슬슬,0,1,0,11,24,36.0
머릿속,0,0,0,0,1,1.0
삐빅,0,0,0,0,1,1.0
작곡,0,1,0,0,2,3.0
응,0,0,0,1,2,3.0
여전하다,0,0,0,0,4,4.0
잎,21,1,0,0,2,24.0
순위도,0,0,0,0,2,2.0
난독,0,0,0,0,1,1.0
꽃송이,0,0,0,0,2,2.0
깨어나다,0,0,0,1,3,4.0
임,0,1,0,1,8,10.0
일찍,0,0,0,0,1,1.0
지키다,0,1,0,0,0,1.0
공부,0,1,0,0,3,4.0
갑자기,0,1,0,0,1,2.0
정기,0,0,0,0,2,2.0
가게,0,0,0,1,0,1.0
스럽다,0,1,0,0,0,1.0
잡고,3,0,0,0,1,4.0
부르다,0,0,0,2,9,11.0
사람과,0,0,0,1,1,2.0
눈물나다,0,1,0,0,1,2.0
민욬,0,0,0,0,1,1.0
디,0,1,0,1,1,3.0
도달,0,0,0,0,1,1.0
계속,0,0,0,0,6,6.0
분위기,0,0,0,1,2,3.0
리뷰,0,0,0,0,5,5.0
명수,0,0,0,0,1,1.0
신천지,0,1,0,0,0,1.0
슬픔,0,0,0,0,1,1.0
자동,0,0,0,0,1,1.0
조용하다,0,0,0,0,1,1.0
전통,0,0,0,0,1,1.0
뭘,0,0,0,0,1,1.0
쏭,0,0,0,0,1,1.0
치,0,0,0,1,0,1.0
햇,0,0,0,0,2,2.0
들어서다,0,1,0,0,1,2.0
이곡,0,0,0,0,3,3.0
해변,0,0,0,0,1,1.0
뚫다,0,0,0,0,2,2.0
부다,0,0,0,0,3,3.0
실제,0,0,0,0,1,1.0
상황,0,0,0,0,1,1.0
내려가다,0,0,0,0,2,2.0
군,0,0,0,0,3,3.0
이등병,0,0,0,0,2,2.0
계시다,0,0,0,0,3,3.0
십리,0,0,0,0,1,1.0
검색,0,1,0,0,2,3.0
은지,0,0,0,0,1,1.0
필수,0,0,0,0,1,1.0
미세먼지,0,2,0,0,2,4.0
사,0,0,0,1,0,1.0
헐다,0,0,0,0,3,3.0
줄어들다,0,0,0,0,1,1.0
차지,0,1,0,0,0,1.0
신기하다,0,0,0,2,5,7.0
사골,0,0,0,0,2,2.0
떠오르다,0,0,0,0,6,6.0
안보,0,1,0,0,1,2.0
단골,0,0,0,0,1,1.0
스물,0,0,0,0,18,18.0
자다,0,0,0,1,13,14.0
재생,0,0,0,0,6,6.0
시절,0,1,0,0,2,3.0
땡기다,0,0,0,1,1,2.0
감미롭다,0,0,0,0,1,1.0
부터,0,0,0,0,2,2.0
색감,0,0,0,0,1,1.0
갈리다,0,0,0,0,1,1.0
오기,0,1,0,0,0,1.0
입대,0,0,0,0,11,11.0
북일고,0,0,0,0,1,1.0
교가,0,0,0,0,1,1.0
금,0,0,0,0,1,1.0
요새,0,0,0,1,0,1.0
정말,0,2,0,0,13,15.0
철,0,0,0,1,0,1.0
타임,0,0,0,0,1,1.0
강시,0,1,0,0,1,2.0
행복하다,0,0,0,3,3,6.0
힘,0,0,0,0,3,3.0
한우,0,0,0,0,1,1.0
와웅,0,0,0,0,1,1.0
매장,0,0,0,0,1,1.0
버리다,0,3,0,0,4,7.0
따다,0,0,0,0,5,5.0
여기다,0,2,0,1,3,6.0
오태식,0,0,0,0,2,2.0
어어,0,0,0,0,2,2.0
세다,0,0,0,0,1,1.0
밑,0,0,0,0,1,1.0
만약,0,0,0,0,1,1.0
덧,0,0,0,0,1,1.0
이상형,0,0,0,0,1,1.0
배뎃,0,0,0,0,2,2.0
쇼,0,0,0,0,3,3.0
리,0,0,0,0,1,1.0
따뜻하다,0,0,0,1,10,11.0
당연하다,0,0,0,0,1,1.0
필,0,0,0,0,2,2.0
벛꽃앤딩,0,0,0,0,1,1.0
목소리,0,1,0,2,2,5.0
떡,0,0,0,1,2,3.0
이맘,0,0,0,0,1,1.0
눈물,0,1,0,0,2,3.0
질리다,0,0,0,4,16,20.0
파다,0,0,0,0,1,1.0
말,0,1,0,3,8,12.0
스무살,0,0,0,0,8,8.0
순,0,0,0,1,0,1.0
애초,0,1,0,1,0,2.0
성지순례,0,0,0,0,1,1.0
내다,0,0,0,0,6,6.0
거참,0,0,0,0,1,1.0
누군가,0,0,0,1,2,3.0
조금,0,0,0,0,2,2.0
우리나라,0,1,0,0,2,3.0
울렁이다,6,0,0,2,0,8.0
박자,0,0,0,1,0,1.0
던,0,0,0,0,1,1.0
악마,0,0,0,0,1,1.0
블루,0,0,0,0,1,1.0
이웅,0,0,0,0,1,1.0
귀엽다,0,0,0,1,0,1.0
터지다,0,0,0,0,3,3.0
날,0,4,0,0,17,21.0
매번,0,0,0,2,0,2.0
밤,3,0,0,0,3,6.0
저희,0,0,0,0,2,2.0
부평,0,0,0,0,1,1.0
핑,0,0,0,0,1,1.0
뿐,0,0,0,0,1,1.0
더하다,0,0,0,0,1,1.0
문종,0,0,0,1,0,1.0
아이,0,0,0,0,2,2.0
일만,0,0,0,0,1,1.0
정은지,0,0,0,0,1,1.0
무시,0,0,0,0,1,1.0
잡다,3,0,0,0,2,5.0
학교,0,0,0,0,4,4.0
보통,0,0,0,0,1,1.0
희다,0,0,0,0,2,2.0
금수,0,0,0,0,1,1.0
이모티콘,0,1,0,0,0,1.0
트랙,0,0,0,0,1,1.0
지구,0,2,0,1,2,5.0
설,0,0,0,0,1,1.0
계단,0,0,0,1,0,1.0
이이,0,0,0,0,1,1.0
살아나다,0,0,0,1,4,5.0
란,0,0,0,0,1,1.0
리세,0,0,0,0,1,1.0
밨을수,0,0,0,1,0,1.0
올라서다,0,0,0,0,1,1.0
차다,0,2,0,0,5,7.0
심쿵,0,0,0,0,1,1.0
한해,0,0,0,0,1,1.0
먹다,0,0,0,1,1,2.0
눈시울,0,1,0,0,0,1.0
주륵,0,0,0,0,2,2.0
아외로웥,0,0,0,0,1,1.0
돈,0,0,0,3,3,6.0
역주행,0,0,0,5,13,18.0
벚르르릉,0,0,0,0,2,2.0
선정,0,0,0,0,1,1.0
뷰릉부릉,0,0,0,1,0,1.0
사이트,0,0,0,0,1,1.0
비도,0,0,0,0,1,1.0
죽지,0,0,0,0,1,1.0
뭔가,0,2,0,0,5,7.0
허다,0,0,0,0,2,2.0
흐캬,0,0,0,0,1,1.0
리릭,0,0,0,0,1,1.0
임펙트,0,0,0,1,0,1.0
겨냥,0,0,0,1,0,1.0
세트,0,0,0,0,1,1.0
베스,0,0,0,0,1,1.0
아이유,0,0,0,0,1,1.0
들어주다,0,0,0,2,1,3.0
자하,0,0,0,1,0,1.0
행사,0,0,0,1,1,2.0
생기다,0,1,0,2,2,5.0
책,0,0,0,3,3,6.0
생생하다,0,0,0,0,2,2.0
효오,0,0,0,0,1,1.0
펀드,0,0,0,0,1,1.0
날씨,0,0,0,3,17,20.0
딩,0,0,0,0,1,1.0
느낌,0,1,0,2,10,13.0
겨울,0,2,0,2,8,12.0
대리,0,0,0,0,2,2.0
기원,0,1,0,0,0,1.0
함,0,0,0,1,4,5.0
캐됴아,0,0,0,1,0,1.0
예쁘다,0,0,0,1,2,3.0
라이어,0,0,0,0,1,1.0
채우다,0,0,0,0,1,1.0
착,0,0,0,0,2,2.0
들려주다,0,1,0,1,3,5.0
벚,0,0,0,0,1,1.0
여인,0,0,0,0,1,1.0
꽃,0,0,0,0,13,13.0
심장,0,0,0,0,2,2.0
개극혐,0,0,0,1,0,1.0
순간,0,1,0,0,2,3.0
선,0,0,0,0,1,1.0
카디널스,0,0,0,0,1,1.0
간다,0,1,0,0,3,4.0
몇몇,0,0,0,0,1,1.0
퍼지다,18,0,0,0,1,19.0
종합,0,1,0,0,0,1.0
발동,0,0,0,0,1,1.0
똑같다,0,0,0,1,1,2.0
타,0,0,0,1,1,2.0
작성,0,0,0,0,2,2.0
창작,0,0,0,1,0,1.0
떼창,0,0,0,0,4,4.0
메리크리스마스,0,0,0,0,1,1.0
네버엔딩,0,0,0,2,4,6.0
저,0,1,0,1,14,16.0
겨,0,0,0,0,1,1.0
머라이어캐리,0,0,0,1,2,3.0
추수,0,0,0,0,1,1.0
연습생,0,0,0,0,1,1.0
육군,0,0,0,0,1,1.0
국민연금,0,0,0,0,1,1.0
가능,0,0,0,0,1,1.0
어느덧다,0,0,0,2,1,3.0
여고,0,0,0,0,1,1.0
설마,0,0,0,0,2,2.0
쑥,0,0,0,0,1,1.0
오신,0,0,0,0,2,2.0
패만드,0,0,0,0,1,1.0
따스하다,0,1,0,0,1,2.0
해,0,3,0,0,3,6.0
빡,0,0,0,0,1,1.0
휩쓸다,0,1,0,0,0,1.0
장,0,0,0,0,4,4.0
장사,0,0,0,0,1,1.0
모으다,0,0,0,0,1,1.0
기어오르다,0,0,0,1,2,3.0
것,0,5,0,2,18,25.0
소문,0,0,0,0,1,1.0
욤,0,0,0,1,0,1.0
저리,0,0,0,0,2,2.0
수령,0,0,0,0,4,4.0
진짜벜벜,0,0,0,0,1,1.0
웃다,0,1,0,0,0,1.0
군대,0,0,0,1,6,7.0
더,0,0,0,0,10,10.0
영,0,0,0,0,1,1.0
서서히,0,0,0,0,1,1.0
명불허전,0,0,0,0,5,5.0
손자,0,0,0,0,1,1.0
더욱,0,0,0,0,1,1.0
돌파,0,0,0,0,1,1.0
벚기덕,0,0,0,0,1,1.0
이름,0,0,0,1,0,1.0
늬,0,0,0,1,0,1.0
감상,0,0,0,0,1,1.0
적금,0,0,0,0,1,1.0
들려오다,6,0,0,0,1,7.0
이만,0,0,0,2,0,2.0
살리다,0,0,0,0,3,3.0
저작권료,0,0,0,0,3,3.0
항상,0,0,0,1,9,10.0
벗다,0,1,0,0,1,2.0
잖다,0,0,0,0,1,1.0
짐심,0,0,0,1,0,1.0
학생,0,0,0,0,2,2.0
르,0,0,0,0,1,1.0
찾다,0,0,0,1,12,13.0
하하,0,0,0,1,1,2.0
여지,0,0,0,0,3,3.0
었더랬,0,0,0,0,1,1.0
수직,0,0,0,0,1,1.0
환갑,0,0,0,0,2,2.0
아빠,0,2,0,0,1,3.0
번,0,0,0,2,1,3.0
달다,0,0,0,0,3,3.0
맛있졍,0,0,0,0,1,1.0
바라다,0,0,0,0,1,1.0
아침,0,0,0,0,1,1.0
부암동,0,0,0,0,1,1.0
쌍벽,0,0,0,0,1,1.0
종신,0,0,0,1,0,1.0
낮,0,0,0,0,1,1.0
씨발,0,0,0,0,1,1.0
종교,0,0,0,0,1,1.0
아른거리다,0,0,0,0,1,1.0
초등,0,0,0,0,1,1.0
어쩐지,0,1,0,0,2,3.0
프로,0,0,0,0,1,1.0
출연,0,0,0,0,1,1.0
이상하다,0,0,0,0,6,6.0
축의금,0,0,0,0,1,1.0
벗,0,0,0,0,1,1.0
지방,0,0,0,0,1,1.0
드뎌,0,0,0,0,2,2.0
급,0,0,0,1,2,3.0
넹,0,0,0,0,1,1.0
즐겁다,0,0,0,1,0,1.0
짝,0,0,0,0,2,2.0
현상,0,0,0,1,0,1.0
슬프다,0,0,0,0,4,4.0
코,0,0,0,0,1,1.0
냄새,0,0,0,0,1,1.0
하위,0,0,0,0,1,1.0
두둑하다,0,1,0,0,0,1.0
시대,0,0,0,0,1,1.0
위안,0,0,0,0,1,1.0
성,0,0,0,1,0,1.0
쌀쌀하다,0,0,0,0,1,1.0
먼저,0,0,0,1,3,4.0
자연,0,0,0,0,2,2.0
천삼백만,0,0,0,0,1,1.0
맛,0,0,0,1,3,4.0
벅차다,0,0,0,0,1,1.0
붉다,0,1,0,0,0,1.0
세상,0,0,0,0,3,3.0
린다,0,0,0,0,1,1.0
왕,0,0,0,1,0,1.0
봄타다,0,0,0,0,1,1.0
지다,0,0,0,1,4,5.0
보기,0,0,0,0,1,1.0
생각,0,2,0,5,8,15.0
미치다,0,1,0,0,13,14.0
바람,9,0,0,3,4,16.0
주임,0,0,0,0,1,1.0
누가,0,0,0,0,3,3.0
정신,0,0,0,0,1,1.0
출첵,0,3,0,0,0,3.0
아웃,0,0,0,0,1,1.0
대다,0,1,0,3,4,8.0
치료,0,0,0,0,1,1.0
맘속,0,0,0,0,1,1.0
러브,0,0,0,0,1,1.0
랩,0,0,0,0,1,1.0
다시다,0,1,0,0,0,1.0
구나,0,0,0,0,2,2.0
븅신앜,0,0,0,0,1,1.0
드,0,0,0,1,1,2.0
살,0,2,0,0,3,5.0
연어,0,0,0,0,1,1.0
세,0,0,0,0,3,3.0
친구,3,2,0,0,2,7.0
꽃샘추위,0,0,0,0,3,3.0
히트,0,0,0,0,1,1.0
늘다,0,2,0,0,4,6.0
연애,0,0,0,0,2,2.0
주해,0,0,0,0,1,1.0
미래,0,0,0,0,2,2.0
마땅하다,0,0,0,0,1,1.0
므,0,0,0,0,1,1.0
컴온,0,0,0,0,1,1.0
힘드다,0,0,0,0,3,3.0
필때,0,0,0,0,1,1.0
월요일,0,0,0,0,1,1.0
남부,0,0,0,0,1,1.0
완전,0,0,0,0,7,7.0
꾸준하다,0,0,0,0,1,1.0
바,0,0,0,1,0,1.0
바리,0,0,0,0,1,1.0
수료식,0,0,0,0,1,1.0
현,0,0,0,0,2,2.0
군생활,0,0,0,0,1,1.0
훈련소,0,0,0,0,2,2.0
멜론,0,1,0,1,1,3.0
증거,0,0,0,0,1,1.0
시기,0,0,0,0,3,3.0
공중,0,0,0,0,1,1.0
느,0,0,0,0,1,1.0
잡곡,0,0,0,0,1,1.0
아무렇다,0,0,0,0,1,1.0
도안,0,0,0,0,1,1.0
껄,0,0,0,0,1,1.0
여러분,0,0,0,0,4,4.0
변하다,0,0,0,0,2,2.0
쿵,0,0,0,0,1,1.0
싫어하다,0,0,0,0,1,1.0
난장판,0,1,0,0,0,1.0
의미,0,1,0,0,0,1.0
아가,0,0,0,0,2,2.0
의문,0,0,0,0,1,1.0
두근거리다,0,0,0,0,2,2.0
바남,0,0,0,0,1,1.0
죽이다,0,0,0,1,0,1.0
반,0,0,0,1,0,1.0
난,0,0,0,2,3,5.0
울리다,18,0,0,2,5,25.0
넘다,0,0,0,3,1,4.0
샠기,0,0,0,0,1,1.0
열다,0,0,0,0,1,1.0
또왓군,0,0,0,1,0,1.0
등판,0,0,0,0,1,1.0
졸라,0,0,0,0,1,1.0
다른,0,0,0,0,2,2.0
설레다,0,1,0,5,26,32.0
제,0,0,0,0,4,4.0
후배,0,0,0,0,1,1.0
초반,0,1,0,0,0,1.0
날짜,0,1,0,0,0,1.0
강적,0,0,0,2,0,2.0
새롭다,0,0,0,0,4,4.0
논,0,1,0,0,0,1.0
영원하다,0,0,0,0,1,1.0
봄바,0,0,0,0,1,1.0
십년,0,1,0,0,3,4.0
부정,0,0,0,0,1,1.0
사랑스럽다,0,0,0,0,1,1.0
내일,0,0,0,0,1,1.0
으,0,0,0,1,0,1.0
표절,0,0,0,1,0,1.0
옛날,0,1,0,0,2,3.0
땐,0,1,0,0,3,4.0
돌아왓다,0,0,0,0,1,1.0
적지,0,1,0,0,0,1.0
최고,0,1,0,3,7,11.0
어후,0,0,0,0,1,1.0
제목,0,2,0,1,1,4.0
컴백,0,0,0,0,2,2.0
싶다,0,1,0,2,14,17.0
마,0,0,0,0,1,1.0
라가,0,1,0,0,0,1.0
약,0,0,0,0,1,1.0
피,0,0,0,0,4,4.0
어느새다,0,0,0,0,2,2.0
둘,30,0,0,0,4,34.0
하나,0,0,0,2,1,3.0
무조,0,0,0,0,1,1.0
하나로,0,0,0,1,0,1.0
잠,0,0,0,0,1,1.0
실리다,0,0,0,1,15,16.0
다시,0,1,0,10,45,56.0
괘,0,0,0,0,1,1.0
아래,0,1,0,0,1,2.0
며칠,0,0,0,0,2,2.0
장마,0,0,0,0,1,1.0
능가,0,0,0,0,1,1.0
드론,0,1,0,0,0,1.0
리얼,0,0,0,0,2,2.0
왜땜시,0,0,0,0,1,1.0
썅,0,0,0,0,1,1.0
벌,0,0,0,0,1,1.0
관련,0,0,0,0,1,1.0
정확하다,0,0,0,0,1,1.0
이해,0,0,0,0,1,1.0
담하다,0,0,0,0,1,1.0
멋있다,0,0,0,0,1,1.0
무조건,0,1,0,0,1,2.0
돌아이,0,0,0,0,1,1.0
거지,0,0,0,1,0,1.0
봄봄봄,0,0,0,1,1,2.0
러러러,0,0,0,0,3,3.0
과연,0,0,0,0,1,1.0
태어나다,0,0,0,0,2,2.0
만연하다,0,0,0,0,1,1.0
론,0,0,0,1,1,2.0
수정,0,1,0,0,0,1.0
승자,0,0,0,0,1,1.0
사랑,9,0,0,1,18,28.0
얼마나,0,0,0,0,5,5.0
햇습니,0,0,0,0,1,1.0
진국,0,0,0,0,1,1.0
구제,0,0,0,1,0,1.0
서원대,0,0,0,1,0,1.0
소리,0,0,0,1,4,5.0
쯤,0,0,0,0,3,3.0
새벽,0,0,0,0,1,1.0
추다,0,0,0,0,4,4.0
졷까세,0,0,0,0,1,1.0
화이팅,0,0,0,0,7,7.0
미쳣,0,0,0,0,1,1.0
손잡다,3,1,0,2,2,8.0
지금,0,4,0,7,18,29.0
구대,0,0,0,0,3,3.0
도입,0,0,0,1,1,2.0
금방,0,0,0,0,1,1.0
수업,0,0,0,0,1,1.0
충격,0,1,0,0,1,2.0
스펙,0,0,0,0,1,1.0
켜다,0,0,0,1,3,4.0
일,0,0,0,0,1,1.0
교과서,0,0,0,0,17,17.0
커플,0,0,0,0,4,4.0
잇다,0,0,0,1,2,3.0
고함,0,1,0,0,0,1.0
쩌넹,0,0,0,1,0,1.0
때문,0,0,0,1,5,6.0
울렁거리다,0,0,0,0,1,1.0
깨끗해지다,0,0,0,0,1,1.0
쌓이다,0,0,0,1,0,1.0
마음가짐,0,0,0,0,1,1.0
자빠지다,0,0,0,0,1,1.0
비비다,0,0,0,1,0,1.0
거,0,1,0,4,23,28.0
이나,0,0,0,0,1,1.0
언덕,0,1,0,0,0,1.0
지배자,0,0,0,0,1,1.0
백만,0,0,0,0,1,1.0
어땟,0,0,0,1,0,1.0
다니다,0,0,0,0,1,1.0
잠깐,0,0,0,0,1,1.0
왓습니,0,0,0,0,1,1.0
상부,0,0,0,0,1,1.0
치마,0,0,0,0,1,1.0
가득,0,0,0,0,1,1.0
초등학교,0,3,0,0,1,4.0
혐오,0,0,0,0,2,2.0
가쟈,0,0,0,0,1,1.0
라라,0,0,0,0,1,1.0
대표,0,0,0,0,9,9.0
맘때,0,0,0,0,2,2.0
대기권,0,0,0,0,1,1.0
생기,0,0,0,1,3,4.0
갈수,0,0,0,1,1,2.0
벚꼼좀비닥,0,0,0,1,0,1.0
마약,0,0,0,0,1,1.0
무섭다,0,3,0,2,8,13.0
버스커버스커,0,2,0,1,21,24.0
소름,0,0,0,0,1,1.0
겁나다,0,1,0,0,2,3.0
끝나다,0,0,0,3,5,8.0
세뇌,0,0,0,1,0,1.0
몰리다,0,0,0,0,1,1.0
시발,0,0,0,0,1,1.0
발매,0,0,0,0,1,1.0
옄,0,0,0,0,1,1.0
창문,0,0,0,0,1,1.0
개,0,1,0,0,13,14.0
사거리,0,1,0,0,0,1.0
죽음,0,0,0,0,1,1.0
감치,0,0,0,0,1,1.0
추억,0,0,0,0,21,21.0
어리다,0,1,0,0,0,1.0
썸,0,0,0,0,2,2.0
올라가다,0,0,0,6,24,30.0
보태,0,0,0,1,1,2.0
삼월,0,0,0,0,1,1.0
널다,0,0,0,0,1,1.0
인사,0,0,0,0,1,1.0
왤다,0,0,0,1,0,1.0
캐,0,0,0,1,0,1.0
꽃놀이,0,0,0,0,1,1.0
띵곡,0,0,0,1,3,4.0
상하,0,0,0,0,1,1.0
건,0,0,0,0,2,2.0
고객,0,0,0,0,3,3.0
봄비,0,0,0,0,1,1.0
상중,0,0,0,0,1,1.0
눌,0,0,0,0,1,1.0
환경오염,0,0,0,1,0,1.0
명반,0,0,0,0,1,1.0
안질리다,0,1,0,2,2,5.0
길터,0,0,0,0,1,1.0
주말,0,0,0,0,1,1.0
판이,0,0,0,1,0,1.0
랜덤,0,0,0,1,0,1.0
허전하다,0,0,0,1,1,2.0
어찌,0,0,0,0,1,1.0
가로수길,0,1,0,0,0,1.0
북,0,0,0,0,2,2.0
캬,0,0,0,0,3,3.0
다르다,0,1,0,0,1,2.0
요즘,0,0,0,1,6,7.0
민족,0,0,0,0,1,1.0
쿨,0,0,0,0,1,1.0
감동,0,0,0,0,1,1.0
덜,0,0,0,0,1,1.0
내리다,0,0,0,0,1,1.0
민요,0,0,0,0,21,21.0
정상,0,1,0,0,0,1.0
아이스크림,0,0,0,0,1,1.0
저장,0,0,0,0,1,1.0
삼총사,0,0,0,0,1,1.0
수저,0,0,0,0,3,3.0
질,0,0,0,0,2,2.0
벌다,0,0,0,2,3,5.0
눈앞,0,0,0,0,1,1.0
야구,0,1,0,0,0,1.0
느껴지다,0,0,0,0,4,4.0
급상승,0,0,0,0,1,1.0
예,0,0,0,2,1,3.0
뜻,0,1,0,0,1,2.0
대학,0,1,0,1,1,3.0
끝,0,1,0,0,1,2.0
대학생,0,0,0,0,2,2.0
가요,6,0,0,0,3,9.0
탓,6,0,0,2,0,8.0
어도,0,0,0,1,5,6.0
누르다,0,0,0,0,3,3.0
신랑,0,0,0,0,1,1.0
목록,0,0,0,0,5,5.0
생일,0,0,0,0,1,1.0
다지,0,0,0,1,0,1.0
덕봄더,0,0,0,0,1,1.0
굉장하다,0,0,0,1,0,1.0
신선하다,0,0,0,0,1,1.0
수,9,0,0,1,12,22.0
기적,0,1,0,0,0,1.0
해군,0,0,0,0,1,1.0
거지같다,0,0,0,0,1,1.0
곳,0,0,0,0,1,1.0
신곡,0,0,0,0,1,1.0
대학교,0,0,0,0,1,1.0
아예,0,0,0,0,2,2.0
뜻밖,0,0,0,0,1,1.0
주제,0,0,0,0,1,1.0
들어오다,0,0,0,0,2,2.0
반드시,0,0,0,0,1,1.0
이다,0,3,0,6,23,32.0
레기,0,0,0,1,0,1.0
위져,0,0,0,0,1,1.0
만듭시,0,0,0,0,1,1.0
강산에,0,0,0,0,1,1.0
이쁘다,0,0,0,0,3,3.0
우려,0,0,0,0,2,2.0
핑계,0,1,0,0,0,1.0
돼다,0,0,0,2,15,17.0
처음,0,2,0,0,7,9.0
가시다,0,0,0,0,1,1.0
기간,0,0,0,0,3,3.0
나타나다,0,0,0,0,4,4.0
명,0,0,0,0,6,6.0
잘만,0,0,0,0,2,2.0
한여름,0,0,0,0,1,1.0
배,0,0,0,0,1,1.0
원하다,0,1,0,0,0,1.0
석촌호수,0,0,0,0,1,1.0
너무죻,0,0,0,0,1,1.0
그날,0,0,0,2,0,2.0
큿,0,0,0,0,1,1.0
대박,0,0,0,0,4,4.0
체어,0,0,0,0,1,1.0
습,0,1,0,0,0,1.0
봄날,0,0,0,1,6,7.0
스스로,0,0,0,1,0,1.0
첫,0,0,0,2,3,5.0
부,0,1,0,0,1,2.0
데,0,0,0,0,4,4.0
걱정,0,1,0,0,1,2.0
기타,0,1,0,0,0,1.0
대학가,0,0,0,0,1,1.0
담다,0,0,0,0,3,3.0
뮤비,0,3,0,0,1,4.0
룸카페,0,0,0,0,1,1.0
빠지다,0,0,0,1,1,2.0
랏,0,0,0,0,2,2.0
술사,0,0,0,1,0,1.0
가수,0,0,0,0,1,1.0
분,0,1,0,2,6,9.0
척,0,0,0,0,1,1.0
야하다,0,0,0,1,2,3.0
솔로,0,0,0,0,1,1.0
억원,0,0,0,1,0,1.0
힘내다,0,0,0,0,1,1.0
축제,0,1,0,1,7,9.0
몽골,0,0,0,0,2,2.0
자네,0,0,0,0,1,1.0
기저귀,0,0,0,0,1,1.0
사스,0,0,0,1,2,3.0
전체,0,0,0,0,2,2.0
뮤직비디오,0,0,0,0,2,2.0
네,0,0,0,1,0,1.0
흘러가다,0,0,0,0,1,1.0
쭉,0,0,0,0,3,3.0
나다,6,1,0,3,9,19.0
차례,0,0,0,0,1,1.0
덜덜,0,0,0,0,2,2.0
재밌다,0,0,0,0,1,1.0
군번,0,0,0,0,1,1.0
전지현,0,0,0,0,1,1.0
손,6,0,0,1,2,9.0
지겹다,0,0,0,3,8,11.0
델타,0,2,0,0,0,2.0
귀신,0,0,0,0,3,3.0
적,0,2,0,0,1,3.0
아프다,0,0,0,0,1,1.0
해도,0,0,0,0,2,2.0
센스,0,0,0,0,2,2.0
위도,0,0,0,0,1,1.0
고향,0,0,0,0,1,1.0
청주,0,0,0,1,0,1.0
복학,0,0,0,0,1,1.0
새기다,0,0,0,0,1,1.0
부담,0,0,0,1,0,1.0
재,0,0,0,0,2,2.0
배댓,0,0,0,0,1,1.0
겨울방학,0,1,0,0,0,1.0
잉조으,0,0,0,0,1,1.0
한번,0,0,0,0,2,2.0
법도,0,0,0,1,1,2.0
춥다,0,0,0,0,1,1.0
로구나,0,0,0,0,1,1.0
요,0,0,0,0,3,3.0
폭풍,0,0,0,0,2,2.0
좀,0,0,0,3,11,14.0
커밍,0,0,0,1,0,1.0
책임지다,0,0,0,0,2,2.0
거래처,0,0,0,0,1,1.0
고맙다,0,0,0,1,2,3.0
늘,0,0,0,0,3,3.0
해치,0,0,0,0,1,1.0
발,0,0,0,0,1,1.0
남자,0,0,0,0,1,1.0
가다,0,3,0,2,17,22.0
점점,0,0,0,1,7,8.0
알려지다,0,0,0,0,1,1.0
연도,0,0,0,0,1,1.0
얘드,0,0,0,0,1,1.0
멸망하다,0,0,0,0,1,1.0
쓰다,0,1,0,0,3,4.0
다음주,0,0,0,0,3,3.0
해년,0,0,0,0,1,1.0
길가,0,0,0,0,1,1.0
신흥,0,0,0,0,1,1.0
꽃피,0,0,0,0,1,1.0
흐르다,0,0,0,0,1,1.0
기어,0,0,0,2,3,5.0
아스날,0,0,0,0,1,1.0
여운,0,0,0,0,1,1.0
빠르다,0,1,0,0,1,2.0
예수,0,0,0,0,1,1.0
앨범,0,0,0,0,3,3.0
자꾸,6,0,0,2,0,8.0
캐럴,0,0,0,0,3,3.0
옴,0,0,0,0,5,5.0
고통스럽다,0,0,0,0,1,1.0
셋,0,0,0,0,1,1.0
듣기,0,0,0,2,6,8.0
사월,0,0,0,0,1,1.0
호구,0,0,0,0,1,1.0
입금,0,0,0,0,3,3.0
찍,0,1,0,0,0,1.0
나르다,0,0,0,0,2,2.0
괜스레,0,0,0,0,1,1.0
합류,0,0,0,0,1,1.0
오,3,0,0,2,1,6.0
려,0,0,0,1,0,1.0
길거리,0,0,0,0,2,2.0
축하,0,0,0,1,2,3.0
자신,0,0,0,0,2,2.0
이세,0,0,0,0,1,1.0
역,0,0,0,0,1,1.0
그게,0,1,0,0,0,1.0
횟수,0,1,0,0,0,1.0
가온,0,0,0,0,1,1.0
왓습,0,0,0,0,2,2.0
현실,0,1,0,0,0,1.0
비,0,0,0,0,1,1.0
불사신,0,0,0,1,0,1.0
보고오다,0,0,0,0,1,1.0
빛,0,0,0,0,2,2.0
별,0,0,0,0,1,1.0
케롤,0,0,0,0,2,2.0
내년,0,1,0,2,19,22.0
자락,0,1,0,0,0,1.0
송,0,0,0,0,3,3.0
오빠,0,0,0,0,1,1.0
훈련병,0,0,0,0,1,1.0
시키다,0,0,0,0,1,1.0
유명하다,0,1,0,0,0,1.0
외국,0,1,0,0,0,1.0
이면,0,0,0,0,2,2.0
괜츈,0,0,0,0,1,1.0
또또,0,0,0,1,0,1.0
자체,0,0,0,0,2,2.0
한국,0,3,0,1,3,7.0
멍,0,1,0,0,0,1.0
이상,0,0,0,1,3,4.0
째다,0,0,0,0,2,2.0
구합,0,0,0,0,1,1.0
눕다,0,0,0,0,1,1.0
엄마,0,0,0,0,4,4.0
대해,0,0,0,0,1,1.0
춘추,0,0,0,0,1,1.0
몽글몽글하다,0,0,0,0,2,2.0
면,0,0,0,2,7,9.0
대대,0,0,0,0,1,1.0
동안,0,0,0,0,1,1.0
벅스,0,0,0,1,0,1.0
떨어지다,0,0,0,1,1,2.0
댓,0,0,0,1,0,1.0
스치다,0,0,0,0,1,1.0
개인,0,0,0,0,1,1.0
가세,0,0,0,0,1,1.0
운동장,0,0,0,0,1,1.0
머리,0,0,0,1,1,2.0
설명,0,1,0,0,2,3.0
군항제,0,0,0,0,2,2.0
찾아오다,0,0,0,0,8,8.0
놀이,0,0,0,0,1,1.0
클래식,0,0,0,0,1,1.0
년,0,1,0,2,9,12.0
닮다,0,0,0,0,2,2.0
가득하다,0,0,0,0,1,1.0
햐,0,0,0,0,1,1.0
그대,45,0,0,8,17,70.0
놈,0,0,0,0,3,3.0
안,0,0,0,2,10,12.0
배우다,0,0,0,0,1,1.0
누님,0,0,0,0,1,1.0
자도,0,0,0,0,1,1.0
설리,0,0,0,0,2,2.0
그닥,0,0,0,0,2,2.0
옆,0,0,0,0,2,2.0
수준,0,0,0,0,3,3.0
백신,0,1,0,0,0,1.0
만날,0,0,0,0,1,1.0
건가,0,1,0,0,1,2.0
노랗다,0,0,0,2,10,12.0
여자,0,0,0,1,3,4.0
훗날,0,0,0,0,2,2.0
가시,0,0,0,0,1,1.0
모르다,9,6,0,3,7,25.0
구함,0,0,0,0,1,1.0
벌리다,0,0,0,1,0,1.0
거의,0,0,0,0,3,3.0
오늘,3,0,0,2,14,19.0
습관,0,0,0,0,1,1.0
웃기,0,0,0,0,4,4.0
실버,0,0,0,0,2,2.0
봄바람,18,0,0,4,6,28.0
맞이,0,0,0,1,3,4.0
가슴,0,0,0,2,3,5.0
겁니다,0,0,0,0,1,1.0
얘,0,0,0,1,1,2.0
수입,0,0,0,0,1,1.0
이드,0,0,0,1,0,1.0
청취,0,0,0,0,1,1.0
피기,0,0,0,0,3,3.0
만나다,0,0,0,0,4,4.0
최소,0,0,0,0,1,1.0
이유,0,0,0,0,1,1.0
서울,0,0,0,0,1,1.0
풀다,0,0,0,1,0,1.0
얼른,0,0,0,1,0,1.0
의사,0,0,0,0,1,1.0
고,0,1,0,0,1,2.0
싸움,0,0,0,0,1,1.0
느끼다,0,2,0,2,9,13.0
진정하다,0,0,0,1,2,3.0
장님,0,0,0,0,1,1.0
틀,0,0,0,0,1,1.0
최적화,0,0,0,0,1,1.0
굳이,0,0,0,0,1,1.0
등장,0,0,0,0,5,5.0
벛꽃엔딩,0,0,0,0,1,1.0
어떻다,0,0,0,1,5,6.0
꽃길,0,0,0,0,1,1.0
판테온,0,0,0,0,2,2.0
안해,0,0,0,0,1,1.0
멸망,0,0,0,1,1,2.0
지갑,0,1,0,0,0,1.0
안타,0,0,0,0,1,1.0
병신,0,0,0,0,1,1.0
헐퀴,0,0,0,1,0,1.0
막상,0,0,0,1,0,1.0
자기,0,0,0,0,2,2.0
후,0,0,0,0,5,5.0
바로,0,0,0,1,4,5.0
무심하다,0,1,0,0,0,1.0
치트,0,0,0,0,1,1.0
존,0,0,0,1,0,1.0
다운,0,0,0,0,1,1.0
어서,0,0,0,0,3,3.0
넣다,0,0,0,0,2,2.0
인트,0,0,0,1,0,1.0
금타,0,0,0,0,2,2.0
아무,0,0,0,0,3,3.0
기운,0,0,0,0,1,1.0
신기,0,0,0,0,1,1.0
장봄준,0,0,0,1,1,2.0
봄스커봄스커,0,0,0,0,1,1.0
이중성,0,0,0,0,1,1.0
미리,0,1,0,0,5,6.0
떨리다,3,0,0,0,0,3.0
어마어마하다,0,0,0,0,1,1.0
반복,0,0,0,0,2,2.0
하모니카,0,0,0,0,1,1.0
단호박,0,0,0,0,1,1.0
다짐,0,0,0,0,2,2.0
유일하다,0,1,0,1,0,2.0
정도,0,0,0,6,12,18.0
벜벜,0,0,0,0,1,1.0
그렇다,0,1,0,2,10,13.0
다리다,0,0,0,0,1,1.0
여기,0,1,0,0,3,4.0
캠퍼스,0,0,0,0,2,2.0
쥐,0,0,0,0,1,1.0
애오,0,0,0,0,1,1.0
대신,0,0,0,0,1,1.0
입춘,0,0,0,0,1,1.0
열등감,0,0,0,0,1,1.0
순위,0,0,0,1,17,18.0
마침,3,0,0,0,0,3.0
다음,0,0,0,0,4,4.0
연금술사,0,0,0,0,2,2.0
첫사랑,0,0,0,0,1,1.0
기다리다,0,0,0,0,2,2.0
형,0,0,0,0,2,2.0
그것,0,0,0,0,1,1.0
애,0,0,0,0,2,2.0
새,0,0,0,0,1,1.0
교,0,0,0,0,1,1.0
년금,0,1,0,0,0,1.0
타다,0,0,0,0,6,6.0
우리엄마,0,0,0,1,0,1.0
준,0,0,0,0,1,1.0
예상,0,0,0,0,2,2.0
방탄,0,1,0,0,1,2.0
말다,0,0,0,1,1,2.0
베스트,0,0,0,0,1,1.0
짜릿하다,0,0,0,0,1,1.0
학년,0,0,0,0,1,1.0
빌런,0,0,0,0,1,1.0
영상,0,1,0,0,0,1.0
습격,0,0,0,0,1,1.0
도해,0,0,0,0,1,1.0
라면,0,0,0,0,2,2.0
이쿠,0,0,0,0,1,1.0
용,0,0,0,1,0,1.0
참고,0,0,0,0,1,1.0
거슬러,0,0,0,1,0,1.0
이르다,0,0,0,1,2,3.0
외롭다,0,0,0,0,1,1.0
벚꽃,21,12,0,45,297,375.0
그녀,0,0,0,0,1,1.0
투톱,0,0,0,0,1,1.0
다,0,1,0,0,0,1.0
시간,0,5,0,2,6,13.0
수많다,0,0,0,1,0,1.0
흘러나오다,0,0,0,1,2,3.0
대체,0,0,0,1,2,3.0
엔딩,0,6,0,19,81,106.0
평가,0,0,0,2,0,2.0
불가,0,0,0,0,1,1.0
주전,0,0,0,0,1,1.0
선명하다,0,0,0,1,0,1.0
드라이브,0,0,0,1,0,1.0
오니,0,0,0,2,3,5.0
보험,0,0,0,1,0,1.0
뭐랬,0,0,0,0,1,1.0
이외,0,0,0,1,0,1.0
않다,0,3,0,3,26,32.0
가입,0,0,0,0,2,2.0
이겠다,0,0,0,0,1,1.0
탑,0,0,0,1,3,4.0
값,0,0,0,0,2,2.0
기전,0,0,0,0,2,2.0
걸다,27,2,0,1,9,39.0
소중하다,0,0,0,0,1,1.0
상관없다,0,0,0,0,1,1.0
가성,0,0,0,1,0,1.0
무심천,0,0,0,1,0,1.0
장악,0,1,0,0,0,1.0
도돌이표,0,0,0,1,1,2.0
올해,0,1,0,7,54,62.0
받다,0,0,0,0,4,4.0
보내다,0,0,0,0,3,3.0
보,0,0,0,2,3,5.0
하이,0,0,0,0,1,1.0
새록새록,0,0,0,0,2,2.0
꽤,0,0,0,0,2,2.0
멀다,0,0,0,0,1,1.0
강남스타일,0,1,0,0,2,3.0
온난화,0,1,0,0,1,2.0
통장,0,0,0,1,0,1.0
븅신,0,0,0,0,3,3.0
기도,0,0,0,0,1,1.0
기분,6,1,0,2,7,16.0
만족,0,0,0,0,1,1.0
작년,0,1,0,0,9,10.0
어이,0,0,0,0,1,1.0
아,0,0,0,1,1,2.0
풀리다,0,0,0,0,6,6.0
걷다,0,0,0,5,3,8.0
오후,0,0,0,0,1,1.0
형님,0,0,0,0,3,3.0
청아,0,1,0,0,0,1.0
기억나다,0,0,0,1,2,3.0
스믈스믈,0,0,0,0,4,4.0
두준,0,0,0,0,2,2.0
바다,0,0,0,0,2,2.0
태식,0,0,0,0,1,1.0
순례,0,0,0,0,1,1.0
매년,0,0,0,1,33,34.0
리스트,0,0,0,0,1,1.0
위등,0,0,0,0,1,1.0
건지다,0,0,0,0,1,1.0
승,0,0,0,0,1,1.0
벚꽂,0,0,0,0,1,1.0
마쇼,0,0,0,0,1,1.0
잊다,0,0,0,0,3,3.0
효녀,0,0,0,1,0,1.0
모교,0,0,0,1,0,1.0
힐링,0,0,0,0,2,2.0
유행,0,0,0,0,1,1.0
불기,0,0,0,0,1,1.0
각,0,0,0,1,0,1.0
문득,0,0,0,0,1,1.0
따르다,0,0,0,1,0,1.0
풍경,0,0,0,0,2,2.0
강씨,0,0,0,0,1,1.0
평생토록,0,0,0,0,1,1.0
지도,0,1,0,0,0,1.0
누구,0,0,0,0,2,2.0
불어오다,0,0,0,0,1,1.0
여학생,0,0,0,0,1,1.0
오시,0,0,0,0,1,1.0
악쓰다,0,0,0,0,1,1.0
엊그제,0,1,0,0,0,1.0
추천,0,0,0,0,3,3.0
속,0,0,0,0,1,1.0
오지,0,1,0,0,0,1.0
당시,0,0,0,0,1,1.0
선곡,0,0,0,0,1,1.0
부분,0,1,0,1,0,2.0
유치원,0,1,0,0,0,1.0
이노,0,5,0,3,21,29.0
이야기,0,0,0,1,0,1.0
써다,0,0,0,0,3,3.0
그냥,0,1,0,4,8,13.0
아마,0,1,0,0,4,5.0
자,0,0,0,0,11,11.0
슬글슬금,0,0,0,1,0,1.0
버커버커,0,0,0,0,1,1.0
진리,0,0,0,0,2,2.0
잼,0,0,0,0,1,1.0
벛꽃보러,0,1,0,0,1,2.0
향기,0,0,0,0,1,1.0
데헤,0,0,0,0,1,1.0
오버,0,0,0,0,1,1.0
투여,0,1,0,0,0,1.0
황,0,0,0,0,2,2.0
년도,0,0,0,0,1,1.0
땜,0,0,0,1,1,2.0
기온,0,0,0,0,1,1.0
쥬,0,0,0,1,1,2.0
상쾌하다,0,0,0,0,1,1.0
엳시,0,0,0,0,1,1.0
여름밤,0,0,0,0,1,1.0
기상청,0,1,0,0,2,3.0
제비,0,0,0,0,1,1.0
남다,0,0,0,3,2,5.0
입다,0,0,0,0,1,1.0
흩날리다,21,1,0,2,4,28.0
내려오다,0,0,0,0,1,1.0
남기다,0,0,0,0,1,1.0
히든싱어,0,0,0,0,1,1.0
현재,0,0,0,2,5,7.0
이번,0,0,0,0,8,8.0
올리다,0,0,0,2,0,2.0
느므조탕,0,0,0,1,0,1.0
긁다,0,0,0,0,1,1.0
지내다,0,0,0,1,1,2.0
기대다,0,0,0,0,1,1.0
꽉,0,0,0,0,1,1.0
달리기,0,0,0,0,1,1.0
꼭,0,0,0,2,5,7.0
서다,0,1,0,0,2,3.0
수가,0,0,0,0,1,1.0
합치다,0,0,0,0,1,1.0
존귀,0,0,0,0,1,1.0
놓다,0,0,0,0,3,3.0
아아,0,0,0,0,1,1.0
절로,0,0,0,0,1,1.0
오예,9,0,0,0,0,9.0
나오다,0,3,0,5,44,52.0
데뷔,0,0,0,0,2,2.0
기입,0,0,0,0,1,1.0
머,0,0,0,0,4,4.0
이제,3,1,0,12,36,52.0
연인,3,0,0,1,1,5.0
봉꽃,0,0,0,0,1,1.0
솔탈,0,0,0,0,1,1.0
밤꽃,0,0,0,0,2,2.0
캐롤,0,0,0,2,10,12.0
왓어용,0,0,0,1,0,1.0
비다,0,0,0,0,1,1.0
버슼어버슼어,0,0,0,0,1,1.0
확인,0,0,0,0,1,1.0
빨르다,0,0,0,0,2,2.0
안되다,0,0,0,1,1,2.0
크다,0,1,0,0,2,3.0
정석,0,0,0,0,1,1.0
려고,0,0,0,1,0,1.0
졸업,0,0,0,0,1,1.0
쨰,0,0,0,0,1,1.0
전성기,0,0,0,0,1,1.0
단둘,0,0,0,0,2,2.0
쭉쭉,0,0,0,0,1,1.0
역싀,0,0,0,0,1,1.0
귀환,0,0,0,1,1,2.0
드리다,0,0,0,0,5,5.0
짜다,0,0,0,0,2,2.0
곧,0,2,0,2,11,15.0
버스커,0,4,0,2,9,15.0
음원,0,0,0,0,6,6.0
거리,27,2,0,1,7,37.0
힐것,0,1,0,0,0,1.0
류,0,0,0,0,1,1.0
뭉클하다,0,0,0,0,1,1.0
쫙쫙,0,0,0,1,0,1.0
덕,0,0,0,0,5,5.0
너머,0,0,0,0,1,1.0
천재,0,0,0,1,0,1.0
제발,0,0,0,0,4,4.0
세대,0,0,0,0,2,2.0
봄철,0,0,0,0,2,2.0
후천,0,0,0,0,1,1.0
안녕,0,0,0,0,5,5.0
음색,0,0,0,0,1,1.0
활동,0,0,0,0,2,2.0
만큼,0,0,0,0,1,1.0
갑,0,0,0,0,2,2.0
버르릉버르릉,0,0,0,0,2,2.0
이분,0,0,0,0,1,1.0
레전드,0,1,0,3,0,4.0
반갑다,0,0,0,0,8,8.0
심지어,0,0,0,0,1,1.0
움,0,1,0,1,0,2.0
앗,0,0,0,0,2,2.0
연금복권,0,0,0,0,3,3.0
준비,0,1,0,0,3,4.0
탁하다,0,0,0,0,3,3.0
마대,0,0,0,0,2,2.0
개나리,0,0,0,0,1,1.0
코인,0,0,0,1,1,2.0
돋다,0,0,0,0,3,3.0
시,0,0,0,0,1,1.0
위아래,0,0,0,0,1,1.0
구경,0,0,0,0,5,5.0
오오오,0,0,0,0,1,1.0
진심,0,0,0,0,1,1.0
툭툭,0,0,0,0,1,1.0
개띵곡,0,1,0,0,0,1.0
깊다,0,0,0,0,1,1.0
질린다,0,0,0,0,1,1.0
가지,0,0,0,0,1,1.0
불다,0,0,0,0,4,4.0
손색,0,0,0,0,1,1.0
괜시리,0,0,0,0,1,1.0
치다,6,0,0,2,1,9.0
점심시간,0,0,0,0,1,1.0
모습,6,1,0,2,0,9.0
코앞,0,0,0,0,1,1.0
불리다,0,0,0,0,1,1.0
음,0,0,0,1,2,3.0
멈추다,0,0,0,0,3,3.0
견,0,0,0,0,1,1.0
가보,0,0,0,0,1,1.0
수능,0,0,0,0,1,1.0
시작,0,0,0,10,34,44.0
위대,0,0,0,0,1,1.0
흥얼거리다,0,0,0,0,4,4.0
후련하다,0,0,0,0,1,1.0
내,0,1,0,2,12,15.0
섭섭하다,0,0,0,1,0,1.0
상위,0,0,0,0,2,2.0
크리스마스,0,1,0,1,0,2.0
출석,0,0,0,1,0,1.0
팍팍하다,0,0,0,0,1,1.0
진입,0,0,0,2,5,7.0
남편,0,0,0,0,1,1.0
살다,0,2,0,0,1,3.0
취업,0,0,0,1,2,3.0
버스킹,0,0,0,0,2,2.0
마지막,0,3,0,1,3,7.0
빵터지다,0,0,0,0,1,1.0
돈잘버,0,0,0,1,0,1.0
훈남,0,0,0,0,1,1.0
물씬,0,0,0,0,1,1.0
상승,0,0,0,2,2,4.0
년전,0,0,0,0,1,1.0
꽃나무,0,1,0,0,0,1.0
녀,0,0,0,0,1,1.0
알다,0,2,0,0,8,10.0
실시간,0,0,0,1,2,3.0
새내기,0,0,0,1,1,2.0
저편,6,0,0,2,0,8.0
흔들리다,0,0,0,0,1,1.0
행복,0,0,0,0,2,2.0
그때,0,2,0,2,16,20.0
송이,0,0,0,0,2,2.0
숨다,0,0,0,0,1,1.0
사다,0,0,0,1,0,1.0
랜,0,0,0,0,2,2.0
다양하다,0,0,0,0,1,1.0
여동생,0,0,0,0,1,1.0
짱짱,0,0,0,0,1,1.0
짐,0,0,0,0,1,1.0
보즈,0,0,0,1,0,1.0
덥다,0,0,0,0,1,1.0
낱,0,0,0,0,1,1.0
전,0,0,0,1,8,9.0
역쉬,0,0,0,0,2,2.0
잡수다,0,0,0,0,1,1.0
직함,0,0,0,0,1,1.0
이쯤,0,0,0,0,2,2.0
그리다,0,0,0,0,2,2.0
혹시,0,0,0,0,2,2.0
구태여,0,0,0,0,4,4.0
참다,0,0,0,0,1,1.0
괴롭히다,0,0,0,0,1,1.0
나중,0,1,0,1,5,7.0
찌다,0,0,0,0,1,1.0
진해,0,0,0,0,1,1.0
지나다,0,3,0,4,5,12.0
풋풋하다,0,0,0,0,1,1.0
꺼지다,0,0,0,0,1,1.0
데이트,0,0,0,0,2,2.0
하앍,0,0,0,0,1,1.0
어디,0,1,0,0,2,3.0
싱숭생숭,0,0,0,0,1,1.0
가장,0,0,0,2,2,4.0
봄빠람,0,0,0,0,1,1.0
세명,0,1,0,0,0,1.0
왓,0,0,0,0,1,1.0
부탁,0,0,0,0,6,6.0
놀래다,0,0,0,0,1,1.0
사실,0,2,0,0,2,4.0
존버충들,0,0,0,0,1,1.0
썻,0,0,0,0,1,1.0
재등장,0,0,0,0,1,1.0
당하다,0,0,0,1,0,1.0
위로,0,0,0,0,4,4.0
차트떳,0,0,0,0,1,1.0
전혀,0,0,0,0,1,1.0
끄다,0,0,0,0,1,1.0
궁금하다,0,0,0,0,1,1.0
코로나,0,4,0,1,8,13.0
출췍,0,0,0,0,1,1.0
날리다,0,1,0,3,2,6.0
떼돈,0,0,0,0,1,1.0
간,0,0,0,1,0,1.0
깨다,0,0,0,0,1,1.0
놀라다,0,0,0,1,1,2.0
살랑,0,0,0,0,1,1.0
주다,0,0,0,1,0,1.0
작다,0,2,0,0,0,2.0
대학시절,0,0,0,0,1,1.0
싫다,0,0,0,1,4,5.0
고려,0,0,0,1,0,1.0
상징,0,0,0,0,1,1.0
걸,0,1,0,1,9,11.0
팬,0,0,0,0,1,1.0
분발,0,0,0,0,1,1.0
떠올리다,0,1,0,0,1,2.0
댱,0,0,0,0,1,1.0
기록,0,0,0,0,1,1.0
차곡차곡,0,0,0,1,0,1.0
편하다,0,0,0,0,1,1.0
먹고살다,0,0,0,0,2,2.0
완벽하다,0,0,0,1,0,1.0
좋아지다,0,1,0,1,4,6.0
재고,0,0,0,0,1,1.0
어울리다,0,0,0,2,2,4.0
뚝,0,0,0,0,1,1.0
중,0,0,0,2,6,8.0
물어보다,0,0,0,2,1,3.0
먼지,0,0,0,1,1,2.0
기억,0,0,0,4,11,15.0
솔,0,0,0,0,1,1.0
끼다,0,0,0,0,1,1.0
싸우다,0,0,0,0,1,1.0
버스,0,2,0,0,2,4.0
슈스케,0,1,0,0,0,1.0
필요,0,0,0,0,1,1.0
반사,0,0,0,0,1,1.0
국어,0,1,0,0,0,1.0
띵곡중,0,0,0,0,1,1.0
질리,0,1,0,2,1,4.0
점,0,0,0,1,0,1.0
추가,0,0,0,0,1,1.0
언제,0,0,0,3,15,18.0
애국가,0,1,0,0,2,3.0
벗꽃,0,0,0,2,5,7.0
차이,0,0,0,0,1,1.0
실화,0,0,0,0,9,9.0
핀,0,0,0,0,2,2.0
니,6,0,0,2,4,12.0
구르다,0,0,0,0,1,1.0
음악,0,8,0,3,12,23.0
부활,0,0,0,0,6,6.0
공석,0,0,0,0,1,1.0
최애,0,1,0,0,0,1.0
바쁘다,0,0,0,0,1,1.0
중학교,0,3,0,0,2,5.0
작사,0,0,0,0,2,2.0
도덕,0,0,0,0,1,1.0
나무,0,2,0,0,2,4.0
여름,0,0,0,2,8,10.0
중이,0,0,0,1,2,3.0
일기장,0,1,0,0,0,1.0
적절하다,0,0,0,0,1,1.0
짱,0,0,0,2,2,4.0
벛꽃,0,0,0,2,7,9.0
갓,0,0,0,0,1,1.0
장범준,0,4,0,4,18,26.0
인류,0,0,0,0,1,1.0
수금,0,0,0,0,3,3.0
범준,0,1,0,1,6,8.0
삼천리,0,0,0,0,1,1.0
수학,0,1,0,0,0,1.0
성지,0,0,0,0,2,2.0
시각,0,0,0,2,1,3.0
나왓어,0,0,0,0,2,2.0
세월,0,0,0,1,0,1.0
스타트,0,0,0,1,2,3.0
여자친구,0,0,0,0,4,4.0
로꼬,0,0,0,0,1,1.0
다시금,0,0,0,0,1,1.0
타고,0,0,0,1,3,4.0
사라지다,0,3,0,3,2,8.0
과학,0,0,0,0,1,1.0
사회,0,0,0,1,0,1.0
개뿔,0,0,0,1,0,1.0
삶,0,0,0,0,1,1.0
때떡,0,0,0,0,1,1.0
동복,0,0,0,0,1,1.0
어떡하다,0,0,0,1,0,1.0
이론,0,0,0,0,1,1.0
산뜻하다,0,0,0,0,1,1.0
모든,0,0,0,0,1,1.0
깡패,0,0,0,0,3,3.0
명곡,0,1,0,2,14,17.0
무,0,0,0,2,1,3.0
짧아지다,0,0,0,0,1,1.0
그대로,0,0,0,1,3,4.0
은,0,0,0,0,1,1.0
감사하다,0,0,0,0,1,1.0
틀다,0,0,0,1,5,6.0
불리,0,0,0,0,1,1.0
맘,0,0,0,1,5,6.0
전주,0,0,0,0,1,1.0
신나다,0,1,0,0,2,3.0
벛,0,1,0,0,0,1.0
겠다,0,0,0,0,3,3.0
잠기,0,0,0,0,1,1.0
거닐다,0,1,0,0,1,2.0
일단,0,0,0,0,1,1.0
가을,0,1,0,1,5,7.0
극성,0,1,0,0,0,1.0
들이다,0,0,0,0,1,1.0
잠시,0,0,0,1,1,2.0
울다,0,1,0,0,0,1.0
이기다,0,0,0,1,1,2.0
인,0,0,0,1,0,1.0
강의실,0,0,0,1,0,1.0
보고,0,6,0,1,7,14.0
배경,0,0,0,0,1,1.0
자장,3,0,0,0,0,3.0
벨소리,0,0,0,0,1,1.0
노후,0,0,0,0,1,1.0
남친,0,0,0,0,2,2.0
벚태식,0,0,0,1,5,6.0
아리랑,0,0,0,0,2,2.0
트윗,0,0,0,0,1,1.0
막,0,0,0,0,7,7.0
취미,0,0,0,0,1,1.0
실감,0,0,0,0,1,1.0
조만간,0,0,0,0,1,1.0
존재,0,0,0,0,1,1.0
구,0,0,0,0,1,1.0
가라,0,1,0,0,1,2.0
근무,0,0,0,0,1,1.0
찍다,0,0,0,0,8,8.0
함정,0,0,0,0,2,2.0
복,0,0,0,0,1,1.0
까먹다,0,0,0,0,1,1.0
자의,0,0,0,1,0,1.0
블러,0,0,0,0,1,1.0
지리다,0,0,0,0,2,2.0
돌아오다,0,2,0,4,19,25.0
뜨다,0,0,0,1,8,9.0
오늘이,0,0,0,0,1,1.0
노랜,0,0,0,0,2,2.0
실어,0,0,0,2,0,2.0
쿨타임,0,0,0,0,1,1.0
알림,0,0,0,0,3,3.0
마이,0,0,0,0,1,1.0
신년,0,1,0,0,0,1.0
렄,0,0,0,0,1,1.0
해드리다,0,0,0,1,0,1.0
다가오다,0,0,0,4,5,9.0
여의도,0,0,0,0,2,2.0
아쉽다,0,0,0,0,1,1.0
꾸다,0,0,0,2,0,2.0
응답,0,1,0,0,0,1.0
일어나다,0,0,0,1,0,1.0
취사,0,0,0,0,1,1.0
솔직하다,0,0,0,2,1,3.0
맞다,0,2,0,2,5,9.0
바뀌다,0,0,0,0,2,2.0
굳다,0,0,0,3,0,3.0
곧다,0,0,0,0,1,1.0
봄,0,15,0,42,329,386.0
알람,0,0,0,0,4,4.0
이군,0,0,0,0,2,2.0
초월,0,0,0,0,1,1.0
마음속,0,1,0,0,1,2.0
이루다,0,0,0,0,1,1.0
왔숩니,0,0,0,0,1,1.0
등,0,0,0,1,1,2.0
도,0,1,0,1,2,4.0
없다,9,5,0,4,40,58.0
젠,0,0,0,0,3,3.0
타령,0,0,0,0,2,2.0
바가지,0,0,0,0,1,1.0
댓글,0,3,0,2,9,14.0
겹,6,0,0,2,1,9.0
무엇,0,1,0,0,1,2.0
명실,0,0,0,0,1,1.0
죽다,0,0,0,0,1,1.0
지나가다,0,1,0,0,3,4.0
외우다,0,0,0,1,0,1.0
회상,0,0,0,0,3,3.0
바이러스,0,1,0,0,0,1.0
카페,0,0,0,0,1,1.0
찾아듣다,0,0,0,0,1,1.0
하모니,0,0,0,1,0,1.0
쭈우우우욱쭈,0,0,0,1,0,1.0
버졲첸딩,0,0,0,0,1,1.0
나가다,0,0,0,1,3,4.0
알리다,0,0,0,0,1,1.0
많다,9,3,0,0,4,16.0
하필,0,0,0,0,1,1.0
신조어,0,0,0,0,1,1.0
코맹맹이,0,0,0,1,0,1.0
고려시대,0,1,0,0,0,1.0
애잔하다,0,0,0,0,1,1.0
갈다,0,2,0,0,4,6.0
김형태,0,0,0,0,1,1.0
즐기다,0,0,0,0,2,2.0
특유,0,0,0,0,1,1.0
듯,0,1,0,2,8,11.0
살랑이다,0,0,0,0,1,1.0
랍니,0,0,0,0,1,1.0
바퀴벌레,0,0,0,0,1,1.0
불꽃놀이,0,0,0,0,1,1.0
촌스럽다,0,0,0,2,0,2.0
천사,0,0,0,0,1,1.0
메뉴,0,0,0,0,1,1.0
마음,0,0,0,0,5,5.0
날다,0,1,0,0,0,1.0
머무르다,0,0,0,0,1,1.0
집,0,0,0,0,4,4.0
어제,0,0,0,0,2,2.0
고백,0,0,0,0,1,1.0
여수,0,0,0,1,2,3.0
처량하다,0,0,0,0,1,1.0
가사,0,1,0,1,1,3.0
어처피,0,1,0,0,0,1.0
몇,0,2,0,1,0,3.0
수원,0,0,0,0,1,1.0
이렇다,0,0,0,5,10,15.0
창,0,1,0,0,1,2.0
만들다,0,2,0,1,7,10.0
계절,0,2,0,1,22,25.0
그립다,0,0,0,0,1,1.0
당,0,0,0,0,1,1.0
효자,0,0,0,1,1,2.0
얼마,0,0,0,0,2,2.0
우리,6,2,0,1,9,18.0
모두,0,1,0,0,4,5.0
가즈,0,0,0,6,12,18.0
파월,0,0,0,0,1,1.0
힘들다,0,0,0,1,2,3.0
이후,0,0,0,0,2,2.0
